,BI,BI_Simple,收盘价,最高价,最低价,BI_MA,BI_Simple_MA
2020-02-17,-0.503905180921417,-0.25333333333333335,2917.0077,2926.9427,2899.5739,,
